Workbook
Name ROLE_NAME: Lists!$B$1:$B$6

Sheet Members
A2: Member ID | B2: 0 | C2: 1 | D2: 2 | E2: 3 | F2: 4 | G2: 5 | H2: 6 | I2: 7 | J2: 8 | K2: 9 | L2: 10 | M2: 11 | N2: 12 | O2: 13 | P2: 14 | Q2: 15 | R2: 16 | S2: 17 | T2: 18 | U2: 19
A3: Name | B3: Jacob | C3: Vicky | D3: Monita | E3: Ray | F3: Bonnie | G3: Sheila | H3: Rajesh | I3: Ramesh | J3: Raj | K3: Sara | L3: Cam 1 | M3: Cam 2 | N3: x | O3: x | P3: x | Q3: x | R3: x | S3: x | T3: x | U3: x
A4: Role | B4: Actor | C4: Actor | D4: Actor | E4: Actor | F4: Makeup Crew | G4: Makeup Crew | H4: Video Crew | I4: Video Crew | J4: Photo Crew | K4: Photo Crew | L4: Camera | M4: Camera | N4: Camera | O4: Camera | P4: Camera | Q4: Camera | R4: Camera | S4: Camera | T4: Camera | U4: Camera
A5: Hourly Rate ($) | B5: 300 | C5: 350 | D5: 400 | E5: 600 | F5: 450 | G5: 400 | H5: 450 | I5: 450 | J5: 200 | K5: 200 | L5: 50 | M5: 50 | N5: 0 | O5: 0 | P5: 0 | Q5: 0 | R5: 0 | S5: 0 | T5: 0 | U5: 0
A6: Over-time Hourly Rate ($) | B6: 400 | C6: 500 | D6: 500 | E6: 800 | F6: 600 | G6: 500 | H6: 600 | I6: 650 | J6: 400 | K6: 350 | L6: 50 | M6: 50 | N6: 0 | O6: 0 | P6: 0 | Q6: 0 | R6: 0 | S6: 0 | T6: 0 | U6: 0
A7: Availability
A8: 0 | B8: 0 | C8: 0 | D8: 0 | E8: 0 | F8: 0 | G8: 0 | H8: 0 | I8: 0 | J8: 0 | K8: 0 | L8: 0 | M8: 0 | N8: 0 | O8: 0 | P8: 0 | Q8: 0 | R8: 0 | S8: 0 | T8: 0 | U8: 0
A9: 0.010416667 | B9: 0 | C9: 0 | D9: 0 | E9: 0 | F9: 0 | G9: 0 | H9: 0 | I9: 0 | J9: 0 | K9: 0 | L9: 0 | M9: 0 | N9: 0 | O9: 0 | P9: 0 | Q9: 0 | R9: 0 | S9: 0 | T9: 0 | U9: 0
A10: 0.020833333 | B10: 0 | C10: 0 | D10: 0 | E10: 0 | F10: 0 | G10: 0 | H10: 0 | I10: 0 | J10: 0 | K10: 0 | L10: 0 | M10: 0 | N10: 0 | O10: 0 | P10: 0 | Q10: 0 | R10: 0 | S10: 0 | T10: 0 | U10: 0
A11: 0.03125 | B11: 0 | C11: 0 | D11: 0 | E11: 0 | F11: 0 | G11: 0 | H11: 0 | I11: 0 | J11: 0 | K11: 0 | L11: 0 | M11: 0 | N11: 0 | O11: 0 | P11: 0 | Q11: 0 | R11: 0 | S11: 0 | T11: 0 | U11: 0
A12: 0.041666667 | B12: 0 | C12: 0 | D12: 0 | E12: 0 | F12: 0 | G12: 0 | H12: 0 | I12: 0 | J12: 0 | K12: 0 | L12: 0 | M12: 0 | N12: 0 | O12: 0 | P12: 0 | Q12: 0 | R12: 0 | S12: 0 | T12: 0 | U12: 0
A13: 0.052083333 | B13: 0 | C13: 0 | D13: 0 | E13: 0 | F13: 0 | G13: 0 | H13: 0 | I13: 0 | J13: 0 | K13: 0 | L13: 0 | M13: 0 | N13: 0 | O13: 0 | P13: 0 | Q13: 0 | R13: 0 | S13: 0 | T13: 0 | U13: 0
A14: 0.0625 | B14: 0 | C14: 0 | D14: 0 | E14: 0 | F14: 0 | G14: 0 | H14: 0 | I14: 0 | J14: 0 | K14: 0 | L14: 0 | M14: 0 | N14: 0 | O14: 0 | P14: 0 | Q14: 0 | R14: 0 | S14: 0 | T14: 0 | U14: 0
A15: 0.072916667 | B15: 0 | C15: 0 | D15: 0 | E15: 0 | F15: 0 | G15: 0 | H15: 0 | I15: 0 | J15: 0 | K15: 0 | L15: 0 | M15: 0 | N15: 0 | O15: 0 | P15: 0 | Q15: 0 | R15: 0 | S15: 0 | T15: 0 | U15: 0
A16: 0.083333333 | B16: 0 | C16: 0 | D16: 0 | E16: 0 | F16: 0 | G16: 0 | H16: 0 | I16: 0 | J16: 0 | K16: 0 | L16: 0 | M16: 0 | N16: 0 | O16: 0 | P16: 0 | Q16: 0 | R16: 0 | S16: 0 | T16: 0 | U16: 0
A17: 0.09375 | B17: 0 | C17: 0 | D17: 0 | E17: 0 | F17: 0 | G17: 0 | H17: 0 | I17: 0 | J17: 0 | K17: 0 | L17: 0 | M17: 0 | N17: 0 | O17: 0 | P17: 0 | Q17: 0 | R17: 0 | S17: 0 | T17: 0 | U17: 0
A18: 0.10416667 | B18: 0 | C18: 0 | D18: 0 | E18: 0 | F18: 0 | G18: 0 | H18: 0 | I18: 0 | J18: 0 | K18: 0 | L18: 0 | M18: 0 | N18: 0 | O18: 0 | P18: 0 | Q18: 0 | R18: 0 | S18: 0 | T18: 0 | U18: 0
A19: 0.11458333 | B19: 0 | C19: 0 | D19: 0 | E19: 0 | F19: 0 | G19: 0 | H19: 0 | I19: 0 | J19: 0 | K19: 0 | L19: 0 | M19: 0 | N19: 0 | O19: 0 | P19: 0 | Q19: 0 | R19: 0 | S19: 0 | T19: 0 | U19: 0
... A103: 0.98958333 | B103: 0 | C103: 0 | D103: 0 | E103: 0 | F103: 0 | G103: 0 | H103: 0 | I103: 0 | J103: 0 | K103: 0 | L103: 0 | M103: 0 | N103: 0 | O103: 0 | P103: 0 | Q103: 0 | R103: 0 | S103: 0 | T103: 0 | U103: 0

Sheet Members_availability
A1: =Members!A7 -> Availability | B1: {=_xlfn.TOROW(Members!B3:XFD3, 3)} -> Jacob | C1: Vicky | D1: Monita | E1: Ray | F1: Bonnie | G1: Sheila | H1: Rajesh | I1: Ramesh | J1: Raj | K1: Sara | L1: Cam 1 | M1: Cam 2 | N1: x | O1: x | P1: x | Q1: x | R1: x | S1: x | T1: x | U1: x
A2: 0 | B2: =IF(B1="", "", Members!B8) -> 0 | C2: =IF(C1="", "", Members!C8) -> 0 | D2: =IF(D1="", "", Members!D8) -> 0 | E2: =IF(E1="", "", Members!E8) -> 0 | F2: =IF(F1="", "", Members!F8) -> 0 | G2: =IF(G1="", "", Members!G8) -> 0 | H2: =IF(H1="", "", Members!H8) -> 0 | I2: =IF(I1="", "", Members!I8) -> 0 | ... U2: =IF(U1="", "", Members!U8) -> 0
A3: 0.010416667 | B3: =IF(B2="", "", Members!B9) -> 0 | C3: =IF(C2="", "", Members!C9) -> 0 | D3: =IF(D2="", "", Members!D9) -> 0 | E3: =IF(E2="", "", Members!E9) -> 0 | F3: =IF(F2="", "", Members!F9) -> 0 | G3: =IF(G2="", "", Members!G9) -> 0 | H3: =IF(H2="", "", Members!H9) -> 0 | I3: =IF(I2="", "", Members!I9) -> 0 | ... U3: =IF(U2="", "", Members!U9) -> 0
A4: 0.020833333 | B4: =IF(B3="", "", Members!B10) -> 0 | C4: =IF(C3="", "", Members!C10) -> 0 | D4: =IF(D3="", "", Members!D10) -> 0 | E4: =IF(E3="", "", Members!E10) -> 0 | F4: =IF(F3="", "", Members!F10) -> 0 | G4: =IF(G3="", "", Members!G10) -> 0 | H4: =IF(H3="", "", Members!H10) -> 0 | I4: =IF(I3="", "", Members!I10) -> 0 | ... U4: =IF(U3="", "", Members!U10) -> 0
A5: 0.03125 | B5: =IF(B4="", "", Members!B11) -> 0 | C5: =IF(C4="", "", Members!C11) -> 0 | D5: =IF(D4="", "", Members!D11) -> 0 | E5: =IF(E4="", "", Members!E11) -> 0 | F5: =IF(F4="", "", Members!F11) -> 0 | G5: =IF(G4="", "", Members!G11) -> 0 | H5: =IF(H4="", "", Members!H11) -> 0 | I5: =IF(I4="", "", Members!I11) -> 0 | ... U5: =IF(U4="", "", Members!U11) -> 0
A6: 0.041666667 | B6: =IF(B5="", "", Members!B12) -> 0 | C6: =IF(C5="", "", Members!C12) -> 0 | D6: =IF(D5="", "", Members!D12) -> 0 | E6: =IF(E5="", "", Members!E12) -> 0 | F6: =IF(F5="", "", Members!F12) -> 0 | G6: =IF(G5="", "", Members!G12) -> 0 | H6: =IF(H5="", "", Members!H12) -> 0 | I6: =IF(I5="", "", Members!I12) -> 0 | ... U6: =IF(U5="", "", Members!U12) -> 0
A7: 0.052083333 | B7: =IF(B6="", "", Members!B13) -> 0 | C7: =IF(C6="", "", Members!C13) -> 0 | D7: =IF(D6="", "", Members!D13) -> 0 | E7: =IF(E6="", "", Members!E13) -> 0 | F7: =IF(F6="", "", Members!F13) -> 0 | G7: =IF(G6="", "", Members!G13) -> 0 | H7: =IF(H6="", "", Members!H13) -> 0 | I7: =IF(I6="", "", Members!I13) -> 0 | ... U7: =IF(U6="", "", Members!U13) -> 0
A8: 0.0625 | B8: =IF(B7="", "", Members!B14) -> 0 | C8: =IF(C7="", "", Members!C14) -> 0 | D8: =IF(D7="", "", Members!D14) -> 0 | E8: =IF(E7="", "", Members!E14) -> 0 | F8: =IF(F7="", "", Members!F14) -> 0 | G8: =IF(G7="", "", Members!G14) -> 0 | H8: =IF(H7="", "", Members!H14) -> 0 | I8: =IF(I7="", "", Members!I14) -> 0 | ... U8: =IF(U7="", "", Members!U14) -> 0
A9: 0.072916667 | B9: =IF(B8="", "", Members!B15) -> 0 | C9: =IF(C8="", "", Members!C15) -> 0 | D9: =IF(D8="", "", Members!D15) -> 0 | E9: =IF(E8="", "", Members!E15) -> 0 | F9: =IF(F8="", "", Members!F15) -> 0 | G9: =IF(G8="", "", Members!G15) -> 0 | H9: =IF(H8="", "", Members!H15) -> 0 | I9: =IF(I8="", "", Members!I15) -> 0 | ... U9: =IF(U8="", "", Members!U15) -> 0
A10: 0.083333333 | B10: =IF(B9="", "", Members!B16) -> 0 | C10: =IF(C9="", "", Members!C16) -> 0 | D10: =IF(D9="", "", Members!D16) -> 0 | E10: =IF(E9="", "", Members!E16) -> 0 | F10: =IF(F9="", "", Members!F16) -> 0 | G10: =IF(G9="", "", Members!G16) -> 0 | H10: =IF(H9="", "", Members!H16) -> 0 | I10: =IF(I9="", "", Members!I16) -> 0 | ... U10: =IF(U9="", "", Members!U16) -> 0
A11: 0.09375 | B11: =IF(B10="", "", Members!B17) -> 0 | C11: =IF(C10="", "", Members!C17) -> 0 | D11: =IF(D10="", "", Members!D17) -> 0 | E11: =IF(E10="", "", Members!E17) -> 0 | F11: =IF(F10="", "", Members!F17) -> 0 | G11: =IF(G10="", "", Members!G17) -> 0 | H11: =IF(H10="", "", Members!H17) -> 0 | I11: =IF(I10="", "", Members!I17) -> 0 | ... U11: =IF(U10="", "", Members!U17) -> 0
A12: 0.10416667 | B12: =IF(B11="", "", Members!B18) -> 0 | C12: =IF(C11="", "", Members!C18) -> 0 | D12: =IF(D11="", "", Members!D18) -> 0 | E12: =IF(E11="", "", Members!E18) -> 0 | F12: =IF(F11="", "", Members!F18) -> 0 | G12: =IF(G11="", "", Members!G18) -> 0 | H12: =IF(H11="", "", Members!H18) -> 0 | I12: =IF(I11="", "", Members!I18) -> 0 | ... U12: =IF(U11="", "", Members!U18) -> 0
A13: 0.11458333 | B13: =IF(B12="", "", Members!B19) -> 0 | C13: =IF(C12="", "", Members!C19) -> 0 | D13: =IF(D12="", "", Members!D19) -> 0 | E13: =IF(E12="", "", Members!E19) -> 0 | F13: =IF(F12="", "", Members!F19) -> 0 | G13: =IF(G12="", "", Members!G19) -> 0 | H13: =IF(H12="", "", Members!H19) -> 0 | I13: =IF(I12="", "", Members!I19) -> 0 | ... U13: =IF(U12="", "", Members!U19) -> 0
... A97: 0.98958333 | B97: =IF(B96="", "", Members!B103) -> 0 | C97: =IF(C96="", "", Members!C103) -> 0 | D97: =IF(D96="", "", Members!D103) -> 0 | E97: =IF(E96="", "", Members!E103) -> 0 | F97: =IF(F96="", "", Members!F103) -> 0 | G97: =IF(G96="", "", Members!G103) -> 0 | H97: =IF(H96="", "", Members!H103) -> 0 | I97: =IF(I96="", "", Members!I103) -> 0 | ... U97: =IF(U96="", "", Members!U103) -> 0

Sheet Tasks
A1: Task No. | B1: Task Name | C1: Task Variable Name | D1: Task Locations | I1: List of Task Locations | J1: Estimated Duration (minutes) | K1: Task Dependencies (Task Order) | M1: Time of Day | N1: Required Members
D2: Location 1 | E2: Location 2 | F2: Location 3 | G2: Location 4 | H2: Location 5 | N2: Actors | O2: task_actors | P2: Makeup Crew | R2: Video Crew | T2: Photo Crew | V2: Camera | X2: task_roles
A3: 0 | B3: Jacob Hair & Makeup | C3: =SUBSTITUTE(B3, " ", "") -> JacobHair&Makeup | D3: Studio | I3: ="['" & _xlfn.TEXTJOIN("', '", TRUE, D3:H3) &"']" -> ['Studio'] | J3: 45 | L3: [] | N3: Jacob | O3: {=IF(N3="", "[]", "[" & _xlfn.TEXTJOIN(", ", TRUE, IFERROR(VLOOKUP(TRIM(_xlfn.TEXTSPLIT(N3, ", ")), Lists!C$2:D$1000, 2, FALSE), "")) & "]")} -> [0] | P3: 1 | Q3: =IF(P3="", "", "(1, " & P3 & ")") -> (1, 1) | S3: =IF(R3="", "", "(2, " & R3 & ")") | U3: =IF(T3="", "", "(3, " & T3 & ")") | W3: =IF(V3="", "", "(4, " & V3 & ")") | X3: ="[" & _xlfn.TEXTJOIN(", ", TRUE, Q3, S3, U3, W3) & "]" -> [(1, 1)]
A4: 1 | B4: Vicky Hair & Makeup | C4: =SUBSTITUTE(B4, " ", "") -> VickyHair&Makeup | D4: Studio | I4: ="['" & _xlfn.TEXTJOIN("', '", TRUE, D4:H4) &"']" -> ['Studio'] | J4: 75 | L4: [] | N4: Vicky | O4: {=IF(N4="", "[]", "[" & _xlfn.TEXTJOIN(", ", TRUE, IFERROR(VLOOKUP(TRIM(_xlfn.TEXTSPLIT(N4, ", ")), Lists!C$2:D$1000, 2, FALSE), "")) & "]")} -> [1] | P4: 1 | Q4: =IF(P4="", "", "(1, " & P4 & ")") -> (1, 1) | S4: =IF(R4="", "", "(2, " & R4 & ")") | U4: =IF(T4="", "", "(3, " & T4 & ")") | W4: =IF(V4="", "", "(4, " & V4 & ")") | X4: ="[" & _xlfn.TEXTJOIN(", ", TRUE, Q4, S4, U4, W4) & "]" -> [(1, 1)]
A5: 2 | B5: Monita Hair & Makeup | C5: =SUBSTITUTE(B5, " ", "") -> MonitaHair&Makeup | D5: Studio | I5: ="['" & _xlfn.TEXTJOIN("', '", TRUE, D5:H5) &"']" -> ['Studio'] | J5: 75 | L5: [] | N5: Monita | O5: {=IF(N5="", "[]", "[" & _xlfn.TEXTJOIN(", ", TRUE, IFERROR(VLOOKUP(TRIM(_xlfn.TEXTSPLIT(N5, ", ")), Lists!C$2:D$1000, 2, FALSE), "")) & "]")} -> [2] | P5: 1 | Q5: =IF(P5="", "", "(1, " & P5 & ")") -> (1, 1) | S5: =IF(R5="", "", "(2, " & R5 & ")") | U5: =IF(T5="", "", "(3, " & T5 & ")") | W5: =IF(V5="", "", "(4, " & V5 & ")") | X5: ="[" & _xlfn.TEXTJOIN(", ", TRUE, Q5, S5, U5, W5) & "]" -> [(1, 1)]
A6: 3 | B6: Ray Hair & Makeup | C6: =SUBSTITUTE(B6, " ", "") -> RayHair&Makeup | D6: Studio | I6: ="['" & _xlfn.TEXTJOIN("', '", TRUE, D6:H6) &"']" -> ['Studio'] | J6: 45 | L6: [] | N6: Ray | O6: {=IF(N6="", "[]", "[" & _xlfn.TEXTJOIN(", ", TRUE, IFERROR(VLOOKUP(TRIM(_xlfn.TEXTSPLIT(N6, ", ")), Lists!C$2:D$1000, 2, FALSE), "")) & "]")} -> [3] | P6: 1 | Q6: =IF(P6="", "", "(1, " & P6 & ")") -> (1, 1) | S6: =IF(R6="", "", "(2, " & R6 & ")") | U6: =IF(T6="", "", "(3, " & T6 & ")") | W6: =IF(V6="", "", "(4, " & V6 & ")") | X6: ="[" & _xlfn.TEXTJOIN(", ", TRUE, Q6, S6, U6, W6) & "]" -> [(1, 1)]
A7: 4 | B7: Setup Photo Area | C7: =SUBSTITUTE(B7, " ", "") -> SetupPhotoArea | D7: Studio | E7: Studio | I7: ="['" & _xlfn.TEXTJOIN("', '", TRUE, D7:H7) &"']" -> ['Studio', 'Studio'] | J7: 15 | L7: [] | O7: {=IF(N7="", "[]", "[" & _xlfn.TEXTJOIN(", ", TRUE, IFERROR(VLOOKUP(TRIM(_xlfn.TEXTSPLIT(N7, ", ")), Lists!C$2:D$1000, 2, FALSE), "")) & "]")} -> [] | Q7: =IF(P7="", "", "(1, " & P7 & ")") | S7: =IF(R7="", "", "(2, " & R7 & ")") | T7: 2 | U7: =IF(T7="", "", "(3, " & T7 & ")") -> (3, 2) | W7: =IF(V7="", "", "(4, " & V7 & ")") | X7: ="[" & _xlfn.TEXTJOIN(", ", TRUE, Q7, S7, U7, W7) & "]" -> [(3, 2)]
A8: 5 | B8: Setup Lighting A | C8: =SUBSTITUTE(B8, " ", "") -> SetupLightingA | D8: Studio | I8: ="['" & _xlfn.TEXTJOIN("', '", TRUE, D8:H8) &"']" -> ['Studio'] | J8: 75 | L8: [] | O8: {=IF(N8="", "[]", "[" & _xlfn.TEXTJOIN(", ", TRUE, IFERROR(VLOOKUP(TRIM(_xlfn.TEXTSPLIT(N8, ", ")), Lists!C$2:D$1000, 2, FALSE), "")) & "]")} -> [] | Q8: =IF(P8="", "", "(1, " & P8 & ")") | R8: 2 | S8: =IF(R8="", "", "(2, " & R8 & ")") -> (2, 2) | U8: =IF(T8="", "", "(3, " & T8 & ")") | W8: =IF(V8="", "", "(4, " & V8 & ")") | X8: ="[" & _xlfn.TEXTJOIN(", ", TRUE, Q8, S8, U8, W8) & "]" -> [(2, 2)]
A9: 6 | B9: Setup Lighting B | C9: =SUBSTITUTE(B9, " ", "") -> SetupLightingB | D9: Studio | I9: ="['" & _xlfn.TEXTJOIN("', '", TRUE, D9:H9) &"']" -> ['Studio'] | J9: 45 | L9: [] | O9: {=IF(N9="", "[]", "[" & _xlfn.TEXTJOIN(", ", TRUE, IFERROR(VLOOKUP(TRIM(_xlfn.TEXTSPLIT(N9, ", ")), Lists!C$2:D$1000, 2, FALSE), "")) & "]")} -> [] | Q9: =IF(P9="", "", "(1, " & P9 & ")") | R9: 2 | S9: =IF(R9="", "", "(2, " & R9 & ")") -> (2, 2) | U9: =IF(T9="", "", "(3, " & T9 & ")") | W9: =IF(V9="", "", "(4, " & V9 & ")") | X9: ="[" & _xlfn.TEXTJOIN(", ", TRUE, Q9, S9, U9, W9) & "]" -> [(2, 2)]
A10: 7 | B10: Setup Lighting C | C10: =SUBSTITUTE(B10, " ", "") -> SetupLightingC | D10: Studio | E10: Studio | I10: ="['" & _xlfn.TEXTJOIN("', '", TRUE, D10:H10) &"']" -> ['Studio', 'Studio'] | J10: 105 | L10: [] | O10: {=IF(N10="", "[]", "[" & _xlfn.TEXTJOIN(", ", TRUE, IFERROR(VLOOKUP(TRIM(_xlfn.TEXTSPLIT(N10, ", ")), Lists!C$2:D$1000, 2, FALSE), "")) & "]")} -> [] | Q10: =IF(P10="", "", "(1, " & P10 & ")") | R10: 2 | S10: =IF(R10="", "", "(2, " & R10 & ")") -> (2, 2) | U10: =IF(T10="", "", "(3, " & T10 & ")") | W10: =IF(V10="", "", "(4, " & V10 & ")") | X10: ="[" & _xlfn.TEXTJOIN(", ", TRUE, Q10, S10, U10, W10) & "]" -> [(2, 2)]
A11: 8 | B11: Jacob Video Shoot | C11: =SUBSTITUTE(B11, " ", "") -> JacobVideoShoot | D11: Studio | I11: ="['" & _xlfn.TEXTJOIN("', '", TRUE, D11:H11) &"']" -> ['Studio'] | J11: 60 | L11: [5, 0] | N11: Jacob | O11: {=IF(N11="", "[]", "[" & _xlfn.TEXTJOIN(", ", TRUE, IFERROR(VLOOKUP(TRIM(_xlfn.TEXTSPLIT(N11, ", ")), Lists!C$2:D$1000, 2, FALSE), "")) & "]")} -> [0] | P11: 1 | Q11: =IF(P11="", "", "(1, " & P11 & ")") -> (1, 1) | R11: 2 | S11: =IF(R11="", "", "(2, " & R11 & ")") -> (2, 2) | U11: =IF(T11="", "", "(3, " & T11 & ")") | V11: 1 | W11: =IF(V11="", "", "(4, " & V11 & ")") -> (4, 1) | X11: ="[" & _xlfn.TEXTJOIN(", ", TRUE, Q11, S11, U11, W11) & "]" -> [(1, 1), (2, 2), (4, 1)]
A12: 9 | B12: Jacob Photo Shoot | C12: =SUBSTITUTE(B12, " ", "") -> JacobPhotoShoot | D12: Studio | E12: The Galleria | F12: Studio | I12: ="['" & _xlfn.TEXTJOIN("', '", TRUE, D12:H12) &"']" -> ['Studio', 'The Galleria', 'Studio'] | J12: 60 | L12: [4, 0] | N12: Jacob | O12: {=IF(N12="", "[]", "[" & _xlfn.TEXTJOIN(", ", TRUE, IFERROR(VLOOKUP(TRIM(_xlfn.TEXTSPLIT(N12, ", ")), Lists!C$2:D$1000, 2, FALSE), "")) & "]")} -> [0] | P12: 1 | Q12: =IF(P12="", "", "(1, " & P12 & ")") -> (1, 1) | S12: =IF(R12="", "", "(2, " & R12 & ")") | T12: 2 | U12: =IF(T12="", "", "(3, " & T12 & ")") -> (3, 2) | V12: 1 | W12: =IF(V12="", "", "(4, " & V12 & ")") -> (4, 1) | X12: ="[" & _xlfn.TEXTJOIN(", ", TRUE, Q12, S12, U12, W12) & "]" -> [(1, 1), (3, 2), (4, 1)]
A13: 10 | B13: Vicky Video Shoot | C13: =SUBSTITUTE(B13, " ", "") -> VickyVideoShoot | D13: Studio | I13: ="['" & _xlfn.TEXTJOIN("', '", TRUE, D13:H13) &"']" -> ['Studio'] | J13: 30 | L13: [6, 1] | N13: Vicky | O13: {=IF(N13="", "[]", "[" & _xlfn.TEXTJOIN(", ", TRUE, IFERROR(VLOOKUP(TRIM(_xlfn.TEXTSPLIT(N13, ", ")), Lists!C$2:D$1000, 2, FALSE), "")) & "]")} -> [1] | P13: 1 | Q13: =IF(P13="", "", "(1, " & P13 & ")") -> (1, 1) | R13: 2 | S13: =IF(R13="", "", "(2, " & R13 & ")") -> (2, 2) | U13: =IF(T13="", "", "(3, " & T13 & ")") | V13: 1 | W13: =IF(V13="", "", "(4, " & V13 & ")") -> (4, 1) | X13: ="[" & _xlfn.TEXTJOIN(", ", TRUE, Q13, S13, U13, W13) & "]" -> [(1, 1), (2, 2), (4, 1)]
A14: 11 | B14: Vicky Photo Shoot | C14: =SUBSTITUTE(B14, " ", "") -> VickyPhotoShoot | D14: Studio | I14: ="['" & _xlfn.TEXTJOIN("', '", TRUE, D14:H14) &"']" -> ['Studio'] | J14: 60 | L14: [4, 1] | N14: Vicky | O14: {=IF(N14="", "[]", "[" & _xlfn.TEXTJOIN(", ", TRUE, IFERROR(VLOOKUP(TRIM(_xlfn.TEXTSPLIT(N14, ", ")), Lists!C$2:D$1000, 2, FALSE), "")) & "]")} -> [1] | P14: 1 | Q14: =IF(P14="", "", "(1, " & P14 & ")") -> (1, 1) | S14: =IF(R14="", "", "(2, " & R14 & ")") | T14: 2 | U14: =IF(T14="", "", "(3, " & T14 & ")") -> (3, 2) | V14: 1 | W14: =IF(V14="", "", "(4, " & V14 & ")") -> (4, 1) | X14: ="[" & _xlfn.TEXTJOIN(", ", TRUE, Q14, S14, U14, W14) & "]" -> [(1, 1), (3, 2), (4, 1)]
A15: 12 | B15: Monita Video Shoot | C15: =SUBSTITUTE(B15, " ", "") -> MonitaVideoShoot | D15: Studio | E15: Studio | I15: ="['" & _xlfn.TEXTJOIN("', '", TRUE, D15:H15) &"']" -> ['Studio', 'Studio'] | J15: 45 | L15: [7, 2] | N15: Monita | O15: {=IF(N15="", "[]", "[" & _xlfn.TEXTJOIN(", ", TRUE, IFERROR(VLOOKUP(TRIM(_xlfn.TEXTSPLIT(N15, ", ")), Lists!C$2:D$1000, 2, FALSE), "")) & "]")} -> [2] | P15: 1 | Q15: =IF(P15="", "", "(1, " & P15 & ")") -> (1, 1) | R15: 2 | S15: =IF(R15="", "", "(2, " & R15 & ")") -> (2, 2) | U15: =IF(T15="", "", "(3, " & T15 & ")") | V15: 1 | W15: =IF(V15="", "", "(4, " & V15 & ")") -> (4, 1) | X15: ="[" & _xlfn.TEXTJOIN(", ", TRUE, Q15, S15, U15, W15) & "]" -> [(1, 1), (2, 2), (4, 1)]
A16: 13 | B16: Monita Photo Shoot | C16: =SUBSTITUTE(B16, " ", "") -> MonitaPhotoShoot | D16: Studio | I16: ="['" & _xlfn.TEXTJOIN("', '", TRUE, D16:H16) &"']" -> ['Studio'] | J16: 60 | L16: [4, 2] | N16: Monita | O16: {=IF(N16="", "[]", "[" & _xlfn.TEXTJOIN(", ", TRUE, IFERROR(VLOOKUP(TRIM(_xlfn.TEXTSPLIT(N16, ", ")), Lists!C$2:D$1000, 2, FALSE), "")) & "]")} -> [2] | P16: 1 | Q16: =IF(P16="", "", "(1, " & P16 & ")") -> (1, 1) | S16: =IF(R16="", "", "(2, " & R16 & ")") | T16: 2 | U16: =IF(T16="", "", "(3, " & T16 & ")") -> (3, 2) | V16: 1 | W16: =IF(V16="", "", "(4, " & V16 & ")") -> (4, 1) | X16: ="[" & _xlfn.TEXTJOIN(", ", TRUE, Q16, S16, U16, W16) & "]" -> [(1, 1), (3, 2), (4, 1)]
A17: 14 | B17: Ray Video Shoot | C17: =SUBSTITUTE(B17, " ", "") -> RayVideoShoot | D17: Studio | E17: Studio | I17: ="['" & _xlfn.TEXTJOIN("', '", TRUE, D17:H17) &"']" -> ['Studio', 'Studio'] | J17: 60 | L17: [7, 3] | N17: Ray | O17: {=IF(N17="", "[]", "[" & _xlfn.TEXTJOIN(", ", TRUE, IFERROR(VLOOKUP(TRIM(_xlfn.TEXTSPLIT(N17, ", ")), Lists!C$2:D$1000, 2, FALSE), "")) & "]")} -> [3] | P17: 1 | Q17: =IF(P17="", "", "(1, " & P17 & ")") -> (1, 1) | R17: 2 | S17: =IF(R17="", "", "(2, " & R17 & ")") -> (2, 2) | U17: =IF(T17="", "", "(3, " & T17 & ")") | V17: 1 | W17: =IF(V17="", "", "(4, " & V17 & ")") -> (4, 1) | X17: ="[" & _xlfn.TEXTJOIN(", ", TRUE, Q17, S17, U17, W17) & "]" -> [(1, 1), (2, 2), (4, 1)]
A18: 15 | B18: Ray Photo Shoot | C18: =SUBSTITUTE(B18, " ", "") -> RayPhotoShoot | D18: Studio | I18: ="['" & _xlfn.TEXTJOIN("', '", TRUE, D18:H18) &"']" -> ['Studio'] | J18: 60 | L18: [5, 3] | N18: Ray | O18: {=IF(N18="", "[]", "[" & _xlfn.TEXTJOIN(", ", TRUE, IFERROR(VLOOKUP(TRIM(_xlfn.TEXTSPLIT(N18, ", ")), Lists!C$2:D$1000, 2, FALSE), "")) & "]")} -> [3] | P18: 1 | Q18: =IF(P18="", "", "(1, " & P18 & ")") -> (1, 1) | S18: =IF(R18="", "", "(2, " & R18 & ")") | T18: 2 | U18: =IF(T18="", "", "(3, " & T18 & ")") -> (3, 2) | V18: 1 | W18: =IF(V18="", "", "(4, " & V18 & ")") -> (4, 1) | X18: ="[" & _xlfn.TEXTJOIN(", ", TRUE, Q18, S18, U18, W18) & "]" -> [(1, 1), (3, 2), (4, 1)]

Sheet Lists
B1: ROLE_NAME | C1: ACTOR_NAME
A2: 0 | B2: Actor | C2: {=_xlfn.TOCOL(_xlfn._xlws.FILTER(Members!B3:XFD3, Members!B4:XFD4 = "Actor"), 3)} -> Jacob | D2: =IF(C2="", "", _xlfn.XLOOKUP(C2, Members!B$3:XFD$3, Members!B$2:XFD$2)) -> 0
A3: 1 | B3: Makeup Crew | C3: Vicky | D3: =IF(C3="", "", _xlfn.XLOOKUP(C3, Members!B$3:XFD$3, Members!B$2:XFD$2)) -> 1
A4: 2 | B4: Video Crew | C4: Monita | D4: =IF(C4="", "", _xlfn.XLOOKUP(C4, Members!B$3:XFD$3, Members!B$2:XFD$2)) -> 2
A5: 3 | B5: Photo Crew | C5: Ray | D5: =IF(C5="", "", _xlfn.XLOOKUP(C5, Members!B$3:XFD$3, Members!B$2:XFD$2)) -> 3
A6: 4 | B6: Camera | D6: =IF(C6="", "", _xlfn.XLOOKUP(C6, Members!B$3:XFD$3, Members!B$2:XFD$2))
D7: =IF(C7="", "", _xlfn.XLOOKUP(C7, Members!B$3:XFD$3, Members!B$2:XFD$2))
D8: =IF(C8="", "", _xlfn.XLOOKUP(C8, Members!B$3:XFD$3, Members!B$2:XFD$2))
D9: =IF(C9="", "", _xlfn.XLOOKUP(C9, Members!B$3:XFD$3, Members!B$2:XFD$2))
D10: =IF(C10="", "", _xlfn.XLOOKUP(C10, Members!B$3:XFD$3, Members!B$2:XFD$2))
D11: =IF(C11="", "", _xlfn.XLOOKUP(C11, Members!B$3:XFD$3, Members!B$2:XFD$2))
D12: =IF(C12="", "", _xlfn.XLOOKUP(C12, Members!B$3:XFD$3, Members!B$2:XFD$2))
D13: =IF(C13="", "", _xlfn.XLOOKUP(C13, Members!B$3:XFD$3, Members!B$2:XFD$2))
D14: =IF(C14="", "", _xlfn.XLOOKUP(C14, Members!B$3:XFD$3, Members!B$2:XFD$2))
D15: =IF(C15="", "", _xlfn.XLOOKUP(C15, Members!B$3:XFD$3, Members!B$2:XFD$2))
D16: =IF(C16="", "", _xlfn.XLOOKUP(C16, Members!B$3:XFD$3, Members!B$2:XFD$2))
D17: =IF(C17="", "", _xlfn.XLOOKUP(C17, Members!B$3:XFD$3, Members!B$2:XFD$2))
D18: =IF(C18="", "", _xlfn.XLOOKUP(C18, Members!B$3:XFD$3, Members!B$2:XFD$2))
... D1000: =IF(C1000="", "", _xlfn.XLOOKUP(C1000, Members!B$3:XFD$3, Members!B$2:XFD$2))
